sfsaf,axelfaya@gmail.com,123456,fsafsaf
sfsaffsafsaf,axelfaya@gmail.com,123456,fsafsafsfsaf
sfsaffsafsaf,tristan@gmail.com,123456,fsafsafsfsaf
sfsaffsafsaf,tristan@gmail.com,123456,fsafsafsfsaf
sfsaffsafsaf,tristan@gmail.com,123456,fsafsafsfsaf
sfsaffsafsaf,tristan@gmail.com,123456,fsafsafsfsaf
sfsaffsafsaf,tristan@gmail.com,123456,fsafsafsfsaf
sfsaffsafsaf,tristan@gmail.com,123456,fsafsafsfsaf
sfsaffsafsaf,tristan@gmail.com,123456,fsafsafsfsaf
sfsaffsafsaf,tristan@gmail.com,123456,fsafsafsfsaf
sfsaffsafsaf,tristan@gmail.com,123456,fsafsafsfsaf
sfsaffsafsaf,tristan@gmail.com,123456,fsafsafsfsaf
<<<<<<< Updated upstream
12121,,,
12121,,,
ss,,,
12121,,,
12121,asdasda@sdaa.ssds,1313121,
12121,asdasda@sdaa.ssds,1313121,
112121,asdasda@sdaa.ssds,1313121,
112121,asdasda@sdaa.ssds,sasasa,
,sasa,,
,sasa,sdsdsds,
<<<<<<< HEAD
=======
,,,
,,,
,,,
>>>>>>> Stashed changes
=======
,sasa,sdsdsds,
12131,,,
>>>>>>> main
